"Ticker","Period","Date","""Open""","""High""","""Low""","""Close""","""Volume""","""LogReturn""","Sector"
"VZ","D","2023-03-24","37.529998779296875","37.70000076293945","37.25","37.65999984741211","14960047","0","TelecommunicationServices"
"VZ","D","2023-03-27","37.9900016784668","38.220001220703125","37.70000076293945","38.04999923706055","14472797","1.0355799023595624","TelecommunicationServices"
"VZ","D","2023-03-28","38.02000045776367","38.310001373291016","37.91999816894531","38.","13092597","-0.13140404221571034","TelecommunicationServices"
"VZ","D","2023-03-29","38.310001373291016","38.5099983215332","38.15999984741211","38.47999954223633","12308926","1.2631566900956015","TelecommunicationServices"
"VZ","D","2023-03-30","38.54999923706055","38.75","38.439998626708984","38.65999984741211","13918665","0.4677762664165419","TelecommunicationServices"
"VZ","D","2023-03-31","38.790000915527344","39.04990005493164","38.54999923706055","38.88999938964844","22801450","0.5949289786449041","TelecommunicationServices"
"VZ","D","2023-04-03","39.04999923706055","39.57500076293945","39.01499938964844","39.220001220703125","19354856","0.8485519059754143","TelecommunicationServices"
"VZ","D","2023-04-04","39.290000915527344","39.650001525878906","39.209999084472656","39.650001525878906","18577085","1.0963801422545494","TelecommunicationServices"
"VZ","D","2023-04-05","39.724998474121094","40.244998931884766","39.564998626708984","40.11000061035156","23561318","1.160148970416608","TelecommunicationServices"
"VZ","D","2023-04-06","39.5","39.779998779296875","39.15999984741211","39.47999954223633","21546616","0.05609307290550536","TelecommunicationServices"
"VZ","D","2023-04-10","39.209999084472656","39.349998474121094","38.9900016784668","39.349998474121094","16114342","-0.3292833577066223","TelecommunicationServices"
"VZ","D","2023-04-11","39.33000183105469","39.70000076293945","39.27000045776367","39.45000076293945","12539690","0.25413543251884274","TelecommunicationServices"
"VZ","D","2023-04-12","39.3650016784668","39.625","39.099998474121094","39.20000076293945","13095197","-0.6337135492145873","TelecommunicationServices"
"VZ","D","2023-04-13","39.189998626708984","39.31999969482422","38.915000915527344","39.31999969482422","13515822","0.3061197182379294","TelecommunicationServices"
"VZ","D","2023-04-14","39.369998931884766","39.41999816894531","38.88999938964844","39.220001220703125","11008437","-0.25431962079659476","TelecommunicationServices"
"VZ","D","2023-04-17","39.220001220703125","39.5099983215332","39.14080047607422","39.459999084472656","11572850","0.6119272215699079","TelecommunicationServices"
"VZ","D","2023-04-18","39.470001220703125","39.4900016784668","38.900001525878906","38.939998626708984","16588499","-1.31779135790272","TelecommunicationServices"
"VZ","D","2023-04-19","38.91999816894531","38.9900016784668","38.52000045776367","38.599998474121094","17701195","-0.8731385839204409","TelecommunicationServices"
"VZ","D","2023-04-20","37.65999984741211","37.79999923706055","36.974998474121094","37.189998626708984","31521282","-3.6528494900263553","TelecommunicationServices"
"VZ","D","2023-04-21","37.43000030517578","37.43000030517578","37.04999923706055","37.31999969482422","23823779","0.3495592173049289","TelecommunicationServices"
"VZ","D","2023-04-24","37.189998626708984","37.4900016784668","36.97999954223633","37.099998474121094","20362496","-0.5894995243894252","TelecommunicationServices"
"VZ","D","2023-04-25","36.709999084472656","37.36000061035156","36.56999969482422","37.29999923706055","24959415","0.5390856365640184","TelecommunicationServices"
"VZ","D","2023-04-26","37.099998474121094","37.439998626708984","36.81999969482422","36.91999816894531","21499267","-1.0187696404499569","TelecommunicationServices"
"VZ","D","2023-04-27","37.20000076293945","38.810001373291016","37.130001068115234","38.790000915527344","28840965","5.065013107598038","TelecommunicationServices"
"VZ","D","2023-04-28","38.560001373291016","39.","38.459999084472656","38.83000183105469","19197489","0.10312171844091278","TelecommunicationServices"
"VZ","D","2023-05-01","39.16999816894531","39.18000030517578","38.68000030517578","38.709999084472656","17043545","-0.30904646130109903","TelecommunicationServices"
"VZ","D","2023-05-02","38.470001220703125","38.5099983215332","37.4900016784668","37.66999816894531","17268747","-2.686646706598639","TelecommunicationServices"
"VZ","D","2023-05-03","37.959999084472656","38.29999923706055","37.61000061035156","37.97999954223633","16703175","0.8229397089447588","TelecommunicationServices"
"VZ","D","2023-05-04","37.86000061035156","37.959999084472656","37.290000915527344","37.349998474121094","16163096","-1.6587706048143303","TelecommunicationServices"
"VZ","D","2023-05-05","37.52000045776367","37.84000015258789","37.154998779296875","37.83000183105469","15817355","1.2851496025258813","TelecommunicationServices"
"VZ","D","2023-05-08","37.68000030517578","37.904998779296875","37.439998626708984","37.83000183105469","10672394","0.","TelecommunicationServices"
"VZ","D","2023-05-09","37.81999969482422","37.81999969482422","37.43000030517578","37.56999969482422","12226835","-0.6872908370229802","TelecommunicationServices"
"VZ","D","2023-05-10","37.810001373291016","37.83000183105469","37.290000915527344","37.630001068115234","14427499","0.1597055463891328","TelecommunicationServices"
"VZ","D","2023-05-11","37.40999984741211","37.63999938964844","37.31999969482422","37.599998474121094","11068670","-0.07973051592486957","TelecommunicationServices"
"VZ","D","2023-05-12","37.63999938964844","37.744998931884766","37.40999984741211","37.59000015258789","10670714","-0.02659128175254155","TelecommunicationServices"
"VZ","D","2023-05-15","37.630001068115234","37.630001068115234","36.71500015258789","36.77000045776367","20408708","-2.1814304110019167","TelecommunicationServices"
"VZ","D","2023-05-16","36.619998931884766","36.779998779296875","36.040000915527344","36.04999923706055","20254126","-1.9581213264605823","TelecommunicationServices"
"VZ","D","2023-05-17","36.220001220703125","36.34000015258789","36.04249954223633","36.18000030517578","16741081","0.36061323402634127","TelecommunicationServices"
"VZ","D","2023-05-18","36.0099983215332","36.16999816894531","35.720001220703125","36.130001068115234","20365878","-0.13819578949365585","TelecommunicationServices"
"VZ","D","2023-05-19","36.220001220703125","36.52000045776367","36.029998779296875","36.04999923706055","16829231","-0.22142770188094962","TelecommunicationServices"
"VZ","D","2023-05-22","36.25","36.33000183105469","35.91379928588867","35.959999084472656","16634308","-0.24965368791289855","TelecommunicationServices"
"VZ","D","2023-05-23","35.939998626708984","36.90999984741211","35.79999923706055","36.2400016784668","21539663","0.7786501699746928","TelecommunicationServices"
"VZ","D","2023-05-24","36.224998474121094","36.25","35.849998474121094","35.869998931884766","16044202","-1.0209788340100445","TelecommunicationServices"
"VZ","D","2023-05-25","35.540000915527344","35.560001373291016","34.7400016784668","34.81999969482422","32465946","-2.9272352058176465","TelecommunicationServices"
"VZ","D","2023-05-26","34.84000015258789","35.05500030517578","34.66999816894531","35.","18216699","0.5169451658626478","TelecommunicationServices"
"VZ","D","2023-05-30","34.970001220703125","35.130001068115234","34.779998779296875","34.900001525878906","19353269","-0.28570992606027357","TelecommunicationServices"
"VZ","D","2023-05-31","34.86000061035156","35.974998474121094","34.86000061035156","35.630001068115234","53756677","2.0916891413171657","TelecommunicationServices"
"VZ","D","2023-06-01","35.599998474121094","35.900001525878906","35.415000915527344","35.720001220703125","20565293","0.2525965475438374","TelecommunicationServices"
"VZ","D","2023-06-02","34.400001525878906","34.900001525878906","33.720001220703125","34.58000183105469","61527924","-3.191487543924565","TelecommunicationServices"
"VZ","D","2023-06-05","34.779998779296875","35.150001525878906","34.45000076293945","34.459999084472656","30125566","-0.34702932396684094","TelecommunicationServices"
"VZ","D","2023-06-06","34.5","34.7400016784668","34.33000183105469","34.70000076293945","18406650","0.6964645526498003","TelecommunicationServices"
"VZ","D","2023-06-07","34.720001220703125","35.279998779296875","34.630001068115234","35.2599983215332","25494090","1.6138257817903012","TelecommunicationServices"
"VZ","D","2023-06-08","35.2400016784668","35.435001373291016","34.97999954223633","35.43000030517578","17749670","0.4821383770139187","TelecommunicationServices"
"VZ","D","2023-06-09","35.459999084472656","35.619998931884766","35.2599983215332","35.470001220703125","14956843","0.11290125651366445","TelecommunicationServices"
"VZ","D","2023-06-12","35.65999984741211","35.779998779296875","35.36000061035156","35.61000061035156","14052156","0.39469801192653087","TelecommunicationServices"
"VZ","D","2023-06-13","35.5","35.790000915527344","35.41999816894531","35.47999954223633","17706670","-0.36506898592257864","TelecommunicationServices"
"VZ","D","2023-06-14","35.630001068115234","35.97999954223633","35.619998931884766","35.72999954223633","16538709","0.7046223315262168","TelecommunicationServices"
"VZ","D","2023-06-15","35.7599983215332","36.470001220703125","35.68000030517578","36.439998626708984","18890912","1.9871231278169033","TelecommunicationServices"
"VZ","D","2023-06-16","36.52000045776367","36.685001373291016","36.165000915527344","36.459999084472656","36102135","0.054886000322218464","TelecommunicationServices"
"VZ","D","2023-06-20","36.08000183105469","36.16999816894531","35.779998779296875","35.810001373291016","17695798","-1.782769411693319","TelecommunicationServices"
"VZ","D","2023-06-21","35.70000076293945","35.970001220703125","35.5","35.83000183105469","17121225","0.05585159730987499","TelecommunicationServices"
"VZ","D","2023-06-22","35.81999969482422","35.92499923706055","35.56999969482422","35.849998474121094","12431180","0.05580977405665877","TelecommunicationServices"
"VZ","D","2023-06-23","35.95000076293945","36.07500076293945","35.47999954223633","35.5099983215332","18991491","-0.9483965608347855","TelecommunicationServices"
"VZ","D","2023-06-26","35.65999984741211","36.13999938964844","35.5","36.11000061035156","15839988","1.6896714085579578","TelecommunicationServices"
"VZ","D","2023-06-27","36.369998931884766","36.68000030517578","36.220001220703125","36.54999923706055","17757836","1.2184952070669608","TelecommunicationServices"
"VZ","D","2023-06-28","36.5","36.86000061035156","36.2400016784668","36.81999969482422","16756412","0.7387153581385197","TelecommunicationServices"
"VZ","D","2023-06-29","36.790000915527344","37.02000045776367","36.654998779296875","36.9900016784668","16740828","0.4617109860174162","TelecommunicationServices"
"VZ","D","2023-06-30","37.","37.25","36.845001220703125","37.189998626708984","19098330","0.5406783973157303","TelecommunicationServices"
"VZ","D","2023-07-03","37.16999816894531","37.37889862060547","36.959999084472656","37.279998779296875","10367137","0.24200095700797064","TelecommunicationServices"
"VZ","D","2023-07-05","37.279998779296875","37.68000030517578","37.22999954223633","37.47999954223633","19876794","0.5364827507734038","TelecommunicationServices"
"VZ","D","2023-07-06","37.400001525878906","37.40999984741211","37.060001373291016","37.130001068115234","21566844","-0.9338273169578915","TelecommunicationServices"
"VZ","D","2023-07-07","36.220001220703125","36.349998474121094","35.869998931884766","35.900001525878906","20482678","-1.5553448037259887","TelecommunicationServices"
"VZ","D","2023-07-10","35.91999816894531","35.959999084472656","35.","35.13999938964844","30326447","-2.1169975039767364","TelecommunicationServices"
"VZ","D","2023-07-11","35.119998931884766","35.220001220703125","34.709999084472656","34.9900016784668","28340297","-0.42685746666754065","TelecommunicationServices"
"VZ","D","2023-07-12","35.10499954223633","35.2400016784668","34.709999084472656","34.86000061035156","27299606","-0.3715377590142954","TelecommunicationServices"
"VZ","D","2023-07-13","34.81999969482422","34.86000061035156","34.41999816894531","34.63999938964844","25641876","-0.6310993024991274","TelecommunicationServices"
"VZ","D","2023-07-14","34.43000030517578","34.5","33.94499969482422","34.0099983215332","31576021","-1.818709812978525","TelecommunicationServices"
"VZ","D","2023-07-17","33.650001525878906","33.650001525878906","31.25","31.459999084472656","97510638","-7.497792892997667","TelecommunicationServices"
"VZ","D","2023-07-18","32.01499938964844","33.150001525878906","31.96500015258789","32.27000045776367","79722186","2.57470246936784","TelecommunicationServices"
"VZ","D","2023-07-19","33.709999084472656","34.15999984741211","33.15999984741211","33.970001220703125","61880969","5.268053110704107","TelecommunicationServices"
"VZ","D","2023-07-20","33.900001525878906","34.","33.5099983215332","33.63999938964844","32839925","-0.9714507482960211","TelecommunicationServices"
"VZ","D","2023-07-21","33.5099983215332","33.939998626708984","33.36000061035156","33.880001068115234","25179366","0.7134413876970669","TelecommunicationServices"
"VZ","D","2023-07-24","33.880001068115234","34.599998474121094","33.709999084472656","33.97999954223633","30784159","0.295154872988479","TelecommunicationServices"
"VZ","D","2023-07-25","34.63999938964844","34.95000076293945","33.720001220703125","34.2400016784668","35719475","0.7651622711392081","TelecommunicationServices"
"VZ","D","2023-07-26","33.85499954223633","34.61000061035156","33.76499938964844","34.34000015258789","27916029","0.2920516040277432","TelecommunicationServices"
"VZ","D","2023-07-27","34.22999954223633","34.61000061035156","33.540000915527344","33.54999923706055","28097525","-2.300526825908622","TelecommunicationServices"
"VZ","D","2023-07-28","33.66999816894531","34.31999969482422","33.65999984741211","34.029998779296875","30651129","1.4306991152062354","TelecommunicationServices"
"VZ","D","2023-07-31","34.","34.119998931884766","33.84000015258789","34.08000183105469","24509886","0.14693815325150794","TelecommunicationServices"
"VZ","D","2023-08-01","34.290000915527344","34.29999923706055","33.314998626708984","33.43000030517578","27302970","-1.9072813701747071","TelecommunicationServices"
"VZ","D","2023-08-02","33.470001220703125","33.70000076293945","33.220001220703125","33.31999969482422","20481593","-0.3290475900310841","TelecommunicationServices"
"VZ","D","2023-08-03","33.04999923706055","33.25","32.72999954223633","33.060001373291016","20469774","-0.7803070945813562","TelecommunicationServices"
"VZ","D","2023-08-04","33.","33.029998779296875","32.529998779296875","32.619998931884766","24583963","-1.3309208201114142","TelecommunicationServices"
"VZ","D","2023-08-07","32.650001525878906","32.83000183105469","32.18000030517578","32.529998779296875","24314027","-0.2759048299658784","TelecommunicationServices"
"VZ","D","2023-08-08","32.45000076293945","32.810001373291016","32.43000030517578","32.56999969482422","22178898","0.12296623740668533","TelecommunicationServices"
"VZ","D","2023-08-09","32.5099983215332","32.83000183105469","32.34000015258789","32.709999084472656","20798516","0.42984154424381416","TelecommunicationServices"
"VZ","D","2023-08-10","32.849998474121094","33.31999969482422","32.81999969482422","33.02000045776367","19031591","0.9477266339581458","TelecommunicationServices"
"VZ","D","2023-08-11","32.959999084472656","33.41999816894531","32.94499969482422","33.36000061035156","15271420","1.0296794302677048","TelecommunicationServices"
"VZ","D","2023-08-14","33.189998626708984","33.59000015258789","33.13999938964844","33.560001373291016","17933999","0.5995226597129921","TelecommunicationServices"
"VZ","D","2023-08-15","33.349998474121094","33.5099983215332","33.209999084472656","33.2599983215332","15528563","-0.8939303917805286","TelecommunicationServices"
"VZ","D","2023-08-16","33.29999923706055","33.63999938964844","33.13999938964844","33.27000045776367","17395145","0.030072569859385112","TelecommunicationServices"
"VZ","D","2023-08-17","33.36000061035156","33.47999954223633","32.849998474121094","33.060001373291016","19127977","-0.6311965181342583","TelecommunicationServices"
"VZ","D","2023-08-18","32.86000061035156","33.41999816894531","32.86000061035156","33.18000030517578","21722667","0.3629731606173303","TelecommunicationServices"
"VZ","D","2023-08-21","33.150001525878906","33.21900177001953","32.77000045776367","33.","27074365","-0.5424963939729244","TelecommunicationServices"
"VZ","D","2023-08-22","33.08000183105469","33.31999969482422","32.88999938964844","33.20000076293945","21730332","0.6060629179983401","TelecommunicationServices"
"VZ","D","2023-08-23","33.20000076293945","33.369998931884766","33.0099983215332","33.189998626708984","15766363","-0.030126915664496767","TelecommunicationServices"
"VZ","D","2023-08-24","33.0099983215332","33.58000183105469","33.","33.380001068115234","18561368","0.5724689643504588","TelecommunicationServices"
"VZ","D","2023-08-25","33.33000183105469","33.52000045776367","33.02000045776367","33.349998474121094","14912091","-0.08988194438016572","TelecommunicationServices"
"VZ","D","2023-08-28","33.47999954223633","33.619998931884766","33.255001068115234","33.54999923706055","16050364","0.5997024650380434","TelecommunicationServices"
"VZ","D","2023-08-29","33.9900016784668","34.75","33.95000076293945","34.689998626708984","28782805","3.3979118198880665","TelecommunicationServices"
"VZ","D","2023-08-30","34.88999938964844","34.95000076293945","34.54999923706055","34.63999938964844","15021404","-0.14413156252491843","TelecommunicationServices"
"VZ","D","2023-08-31","34.849998474121094","35.13999938964844","34.7599983215332","34.97999954223633","24333179","0.981524707213155","TelecommunicationServices"
"VZ","D","2023-09-01","34.9900016784668","35.14500045776367","34.834999084472656","34.86000061035156","14748679","-0.34305012422849446","TelecommunicationServices"
"VZ","D","2023-09-05","34.849998474121094","35.06999969482422","34.29999923706055","34.29999923706055","17486007","-1.6064296141312218","TelecommunicationServices"
"VZ","D","2023-09-06","34.099998474121094","34.439998626708984","33.9900016784668","34.18000030517578","19187074","-0.34985112114845895","TelecommunicationServices"
"VZ","D","2023-09-07","34.18000030517578","34.52000045776367","33.75","33.810001373291016","26605789","-1.0825012538947743","TelecommunicationServices"
"VZ","D","2023-09-08","33.810001373291016","33.83000183105469","33.22999954223633","33.45000076293945","24891078","-1.0647754975720125","TelecommunicationServices"
"VZ","D","2023-09-11","33.70000076293945","34.09000015258789","33.58000183105469","33.939998626708984","18883869","1.4648665249431758","TelecommunicationServices"
"VZ","D","2023-09-12","34.130001068115234","34.18000030517578","33.79999923706055","34.040000915527344","15784435","0.29464435139858747","TelecommunicationServices"
"VZ","D","2023-09-13","34.29999923706055","34.29999923706055","33.5099983215332","33.86000061035156","21027896","-0.5287905415233829","TelecommunicationServices"
"VZ","D","2023-09-14","34.27000045776367","34.380001068115234","33.939998626708984","34.040000915527344","26570120","0.5316016005054491","TelecommunicationServices"
"VZ","D","2023-09-15","33.959999084472656","34.16699981689453","33.65999984741211","33.790000915527344","38205159","-0.7344300625031996","TelecommunicationServices"
"VZ","D","2023-09-18","33.900001525878906","33.970001220703125","33.52000045776367","33.529998779296875","16233695","-0.7694647208813521","TelecommunicationServices"
"VZ","D","2023-09-19","33.58000183105469","33.72999954223633","33.25","33.400001525878906","23383954","-0.387704318970139","TelecommunicationServices"
"VZ","D","2023-09-20","33.58000183105469","33.939998626708984","33.36000061035156","33.599998474121094","23741979","0.5987932308542776","TelecommunicationServices"
"VZ","D","2023-09-21","33.52000045776367","33.849998474121094","33.2599983215332","33.290000915527344","18001589","-0.9226118234276437","TelecommunicationServices"
"VZ","D","2023-09-22","33.2599983215332","33.5099983215332","32.93000030517578","33.279998779296875","22740043","-0.030045466973249724","TelecommunicationServices"
"VZ","D","2023-09-25","33.16999816894531","33.25","32.869998931884766","33.15999984741211","17616880","-0.3605737268218223","TelecommunicationServices"
"VZ","D","2023-09-26","32.88999938964844","33.16999816894531","32.810001373291016","32.9900016784668","18841582","-0.5126603429661536","TelecommunicationServices"
"VZ","D","2023-09-27","32.95000076293945","33.0099983215332","32.310001373291016","32.400001525878906","22083548","-1.788421105091953","TelecommunicationServices"
"VZ","D","2023-09-28","32.400001525878906","32.6150016784668","32.400001525878906","32.54999923706055","18772111","0.46295587690585727","TelecommunicationServices"
"VZ","D","2023-09-29","32.619998931884766","32.75","32.3650016784668","32.40999984741211","19787595","-0.43010566184294996","TelecommunicationServices"
"VZ","D","2023-10-02","32.439998626708984","32.470001220703125","31.731599807739258","31.760000228881836","24722596","-2.005552673836797","TelecommunicationServices"
"VZ","D","2023-10-03","31.700000762939453","32.0099983215332","31.612600326538086","31.979999542236328","21389370","0.6926930471317538","TelecommunicationServices"
"VZ","D","2023-10-04","31.790000915527344","31.96500015258789","31.399999618530273","31.540000915527344","23694073","-1.375855637921053","TelecommunicationServices"
"VZ","D","2023-10-05","31.559999465942383","31.920000076293945","31.3799991607666","31.81999969482422","22774377","0.8877576765035089","TelecommunicationServices"
"VZ","D","2023-10-06","30.940000534057617","31.","30.135000228881836","30.850000381469727","31291754","-0.9585145074784585","TelecommunicationServices"
"VZ","D","2023-10-09","30.739999771118164","31.5","30.739999771118164","31.450000762939453","20344279","1.9448958640211789","TelecommunicationServices"
"VZ","D","2023-10-10","31.479999542236328","31.799999237060547","31.31999969482422","31.760000228881836","19151879","0.9856898518987744","TelecommunicationServices"
"VZ","D","2023-10-11","31.829999923706055","31.969999313354492","31.41010093688965","31.459999084472656","15694163","-0.9445879793677281","TelecommunicationServices"
"VZ","D","2023-10-12","31.329999923706055","31.3700008392334","30.649999618530273","30.90999984741211","21718322","-1.7482493740185845","TelecommunicationServices"
"VZ","D","2023-10-13","31.079999923706055","31.389999389648438","30.639999389648438","30.670000076293945","24541452","-0.7764470148913905","TelecommunicationServices"
"VZ","D","2023-10-16","30.84000015258789","31.31999969482422","30.6200008392334","31.25","21087894","1.8910985401475955","TelecommunicationServices"
"VZ","D","2023-10-17","31.110000610351562","31.540000915527344","31.100000381469727","31.510000228881836","21186020","0.8320007324218892","TelecommunicationServices"
"VZ","D","2023-10-18","31.420000076293945","31.479999542236328","30.989999771118164","31.049999237060547","22024305","-1.459857151634214","TelecommunicationServices"
"VZ","D","2023-10-19","31.420000076293945","31.969999313354492","31.395000457763672","31.579999923706055","28806638","1.706926568980105","TelecommunicationServices"
"VZ","D","2023-10-20","31.56999969482422","32.13999938964844","31.549999237060547","31.56999969482422","27271166","-0.03166633599113178","TelecommunicationServices"
"VZ","D","2023-10-23","31.479999542236328","31.65999984741211","31.260000228881836","31.389999389648438","31725789","-0.570162517946704","TelecommunicationServices"
"VZ","D","2023-10-24","33.150001525878906","34.459999084472656","32.970001220703125","34.29999923706055","61617905","9.27046799615978","TelecommunicationServices"
"VZ","D","2023-10-25","34.5","34.61000061035156","33.60499954223633","33.689998626708984","30832751","-1.7784274749850781","TelecommunicationServices"
"VZ","D","2023-10-26","33.65999984741211","34.70000076293945","33.63999938964844","34.470001220703125","34366965","2.315234864318949","TelecommunicationServices"
"VZ","D","2023-10-27","34.380001068115234","34.589900970458984","33.34000015258789","33.439998626708984","23924828","-2.9881130186195204","TelecommunicationServices"
"VZ","D","2023-10-30","33.84000015258789","34.79999923706055","33.84000015258789","34.619998931884766","31497688","3.528709191492907","TelecommunicationServices"
"VZ","D","2023-10-31","34.709999084472656","35.209999084472656","34.66999816894531","35.130001068115234","28903418","1.4731431310379461","TelecommunicationServices"
"VZ","D","2023-11-01","35.404998779296875","35.55500030517578","35.150001525878906","35.400001525878906","26071209","0.768575148176498","TelecommunicationServices"
"VZ","D","2023-11-02","35.310001373291016","35.939998626708984","35.310001373291016","35.900001525878906","24946038","1.4124293176497993","TelecommunicationServices"
"VZ","D","2023-11-03","35.9900016784668","36.369998931884766","35.939998626708984","36.02000045776367","23323169","0.3342588489815723","TelecommunicationServices"
"VZ","D","2023-11-06","35.97999954223633","36.029998779296875","35.6150016784668","35.63999938964844","15544033","-1.0549724133424698","TelecommunicationServices"
"VZ","D","2023-11-07","35.70000076293945","36.099998474121094","35.650001525878906","35.939998626708984","17654571","0.8417487154830816","TelecommunicationServices"
"VZ","D","2023-11-08","35.939998626708984","35.97999954223633","35.599998474121094","35.77000045776367","16971514","-0.4730054964971031","TelecommunicationServices"
"VZ","D","2023-11-09","35.869998931884766","36.04999923706055","35.459999084472656","35.619998931884766","15685805","-0.4193500809596684","TelecommunicationServices"
"VZ","D","2023-11-10","35.90999984741211","35.91999816894531","35.39500045776367","35.709999084472656","12792886","0.2526674769418147","TelecommunicationServices"
"VZ","D","2023-11-13","35.63999938964844","36.18000030517578","35.40999984741211","35.81999969482422","17236732","0.3080386815226488","TelecommunicationServices"
"VZ","D","2023-11-14","36.0099983215332","36.099998474121094","35.80500030517578","35.880001068115234","17667064","0.1675080228983994","TelecommunicationServices"
"VZ","D","2023-11-15","35.880001068115234","36.11000061035156","35.84000015258789","36.","22855521","0.3344451736692067","TelecommunicationServices"
"VZ","D","2023-11-16","36.08000183105469","36.380001068115234","35.93000030517578","36.18000030517578","19110763","0.5000008477104911","TelecommunicationServices"
"VZ","D","2023-11-17","36.380001068115234","36.380001068115234","36.08000183105469","36.22999954223633","19361158","0.13819578949365585","TelecommunicationServices"
"VZ","D","2023-11-20","36.279998779296875","36.8650016784668","36.20000076293945","36.72999954223633","18660152","1.3800717811688346","TelecommunicationServices"
"VZ","D","2023-11-21","36.86000061035156","37.45000076293945","36.845001220703125","37.25","22946415","1.4157377191516662","TelecommunicationServices"
"VZ","D","2023-11-22","37.33000183105469","37.52000045776367","37.220001220703125","37.349998474121094","14613957","0.2684522795197264","TelecommunicationServices"
"VZ","D","2023-11-24","37.45000076293945","37.56999969482422","37.29999923706055","37.40999984741211","6766657","0.16064625366072338","TelecommunicationServices"
"VZ","D","2023-11-27","37.45000076293945","37.540000915527344","37.290000915527344","37.349998474121094","15245305","-0.16038859539093675","TelecommunicationServices"
"VZ","D","2023-11-28","37.349998474121094","37.5099983215332","37.20000076293945","37.470001220703125","14521678","0.32129250732146897","TelecommunicationServices"
"VZ","D","2023-11-29","37.529998779296875","37.88999938964844","37.529998779296875","37.7599983215332","16387388","0.7739447328062754","TelecommunicationServices"
"VZ","D","2023-11-30","37.83000183105469","38.43989944458008","37.81999969482422","38.33000183105469","36623544","1.509543259689261","TelecommunicationServices"
"VZ","D","2023-12-01","38.400001525878906","38.61000061035156","38.27000045776367","38.58000183105469","20762478","0.6522305975927623","TelecommunicationServices"
"VZ","D","2023-12-04","38.400001525878906","38.56999969482422","38.029998779296875","38.040000915527344","22109241","-1.3996912646403126","TelecommunicationServices"
"VZ","D","2023-12-05","38.349998474121094","38.54999923706055","38.09109878540039","38.41999816894531","23003306","0.9989412309999723","TelecommunicationServices"
"VZ","D","2023-12-06","38.25","38.880001068115234","38.07500076293945","38.5","20218549","0.20822965868685372","TelecommunicationServices"
"VZ","D","2023-12-07","38.54999923706055","38.72999954223633","38.30289840698242","38.650001525878906","15223187","0.3896143529322327","TelecommunicationServices"
"VZ","D","2023-12-08","38.65999984741211","38.68000030517578","38.0099983215332","38.25","21850377","-1.0349327557233945","TelecommunicationServices"
"VZ","D","2023-12-11","38.290000915527344","38.38999938964844","37.47999954223633","37.66999816894531","21914521","-1.5163446563521088","TelecommunicationServices"
"VZ","D","2023-12-12","37.56999969482422","37.63999938964844","37.16999816894531","37.29999923706055","17096700","-0.9822111756559337","TelecommunicationServices"
"VZ","D","2023-12-13","37.08000183105469","37.150001525878906","36.459999084472656","36.9900016784668","32473172","-0.8310926673846697","TelecommunicationServices"
"VZ","D","2023-12-14","37.25","37.97999954223633","37.18000030517578","37.869998931884766","28551571","2.3790138239713654","TelecommunicationServices"
"VZ","D","2023-12-15","37.54999923706055","37.83000183105469","37.13999938964844","37.369998931884766","51721568","-1.320306348303124","TelecommunicationServices"
"VZ","D","2023-12-18","37.720001220703125","37.79999923706055","37.27000045776367","37.66999816894531","22057185","0.8027809623633253","TelecommunicationServices"
"VZ","D","2023-12-19","37.599998474121094","37.7400016784668","37.4900016784668","37.56999969482422","17642542","-0.2654591955980945","TelecommunicationServices"
"VZ","D","2023-12-20","37.5","37.72999954223633","37.279998779296875","37.29999923706055","18134647","-0.7186597283919127","TelecommunicationServices"
"VZ","D","2023-12-21","37.349998474121094","37.54999923706055","37.209999084472656","37.43000030517578","15421048","0.348528339877463","TelecommunicationServices"
"VZ","D","2023-12-22","37.41999816894531","37.78499984741211","37.400001525878906","37.4900016784668","13171597","0.16030289287152222","TelecommunicationServices"
"VZ","D","2023-12-26","37.439998626708984","37.63999938964844","37.310001373291016","37.47999954223633","11856569","-0.026679476614199782","TelecommunicationServices"
"VZ","D","2023-12-27","37.33000183105469","37.45539855957031","37.20009994506836","37.310001373291016","15267626","-0.4535703602497221","TelecommunicationServices"
"VZ","D","2023-12-28","37.18000030517578","37.720001220703125","37.150001525878906","37.4900016784668","14931664","0.4824451850721223","TelecommunicationServices"
"VZ","D","2023-12-29","37.380001068115234","37.7599983215332","37.31999969482422","37.70000076293945","16222673","0.5601469060303454","TelecommunicationServices"
"VZ","D","2024-01-02","37.72999954223633","38.970001220703125","37.68000030517578","38.880001068115234","23810940","3.1299742209442316","TelecommunicationServices"
"VZ","D","2024-01-03","39.529998779296875","39.720001220703125","39.130001068115234","39.15999984741211","26263885","0.7201614496006092","TelecommunicationServices"
"VZ","D","2024-01-04","39.68000030517578","39.849998474121094","39.36000061035156","39.369998931884766","24214642","0.5362591554926688","TelecommunicationServices"
"VZ","D","2024-01-05","39.470001220703125","40.369998931884766","39.29499816894531","40.20000076293945","30276670","2.108208924492727","TelecommunicationServices"
"VZ","D","2024-01-08","40.150001525878906","40.2599983215332","39.47999954223633","40.099998474121094","28483034","-0.2487619077623182","TelecommunicationServices"
"VZ","D","2024-01-09","39.25","39.25","38.77000045776367","39.040000915527344","17880132","-0.9850313556711621","TelecommunicationServices"
"VZ","D","2024-01-10","39.08000183105469","39.10499954223633","38.65999984741211","39.08000183105469","16354675","0.1024613590913992","TelecommunicationServices"
"VZ","D","2024-01-11","39.029998779296875","39.03499984741211","37.560001373291016","37.900001525878906","31289774","-3.0194479270420627","TelecommunicationServices"
"VZ","D","2024-01-12","38.189998626708984","38.77000045776367","38.16999816894531","38.560001373291016","18774830","1.7414243293933707","TelecommunicationServices"
"VZ","D","2024-01-16","38.58000183105469","39.349998474121094","38.349998474121094","39.290000915527344","31039445","1.893152272401033","TelecommunicationServices"
"VZ","D","2024-01-17","38.720001220703125","39.43000030517578","38.66999816894531","38.869998931884766","21377140","-1.0689793175255313","TelecommunicationServices"
"VZ","D","2024-01-18","38.529998779296875","39.0099983215332","38.45500183105469","38.939998626708984","17112788","0.18008669088693807","TelecommunicationServices"
"VZ","D","2024-01-19","39.06999969482422","39.43000030517578","38.689998626708984","39.33000183105469","20561724","1.0015490963017237","TelecommunicationServices"
"VZ","D","2024-01-22","39.400001525878906","39.720001220703125","39.310001373291016","39.58000183105469","26039194","0.6356470591430297","TelecommunicationServices"
"VZ","D","2024-01-23","41.06999969482422","42.24589920043945","40.59000015258789","42.22999954223633","49713734","6.695294564393972","TelecommunicationServices"
"VZ","D","2024-01-24","42.22999954223633","42.34000015258789","41.189998626708984","41.279998779296875","27910404","-2.2495874336662225","TelecommunicationServices"
"VZ","D","2024-01-25","41.45000076293945","42.29999923706055","41.33000183105469","42.290000915527344","24613156","2.4467106736858923","TelecommunicationServices"
"VZ","D","2024-01-26","42.290000915527344","42.4900016784668","42.099998474121094","42.400001525878906","20367179","0.2601102103811259","TelecommunicationServices"
"VZ","D","2024-01-29","42.119998931884766","42.38999938964844","41.65999984741211","42.04999923706055","23905653","-0.8254770665626743","TelecommunicationServices"
"VZ","D","2024-01-30","42.","42.599998474121094","41.810001373291016","42.470001220703125","20044557","0.9988156748226729","TelecommunicationServices"
"VZ","D","2024-01-31","42.189998626708984","43.209999084472656","42.040000915527344","42.349998474121094","23392266","-0.2825588489117514","TelecommunicationServices"
"VZ","D","2024-02-01","42.68000030517578","42.720001220703125","41.970001220703125","42.4900016784668","19586542","0.3305860906494651","TelecommunicationServices"
"VZ","D","2024-02-02","42.20000076293945","42.46500015258789","41.82500076293945","42.130001068115234","21548643","-0.8472595813852513","TelecommunicationServices"
"VZ","D","2024-02-05","42.","42.18000030517578","41.275001525878906","41.380001068115234","20466155","-1.7802040849403622","TelecommunicationServices"
"VZ","D","2024-02-06","41.38999938964844","41.56999969482422","40.95000076293945","41.099998474121094","17524062","-0.6766616403253156","TelecommunicationServices"
"VZ","D","2024-02-07","41.099998474121094","41.13999938964844","40.36000061035156","40.41999816894531","21815622","-1.6545020204902117","TelecommunicationServices"
"VZ","D","2024-02-08","40.29999923706055","40.369998931884766","39.439998626708984","39.90999984741211","19523527","-1.2617475127078004","TelecommunicationServices"
"VZ","D","2024-02-09","39.900001525878906","40.09000015258789","39.262001037597656","39.720001220703125","18479407","-0.4760677209606823","TelecommunicationServices"
"VZ","D","2024-02-12","39.72999954223633","40.16999816894531","39.53499984741211","40.099998474121094","15060525","0.9566899338862456","TelecommunicationServices"
"VZ","D","2024-02-13","40.20000076293945","40.45500183105469","39.68000030517578","40.130001068115234","14483637","0.07481943924139145","TelecommunicationServices"
"VZ","D","2024-02-14","40.380001068115234","40.540000915527344","39.970001220703125","40.150001525878906","12443213","0.049839165789533624","TelecommunicationServices"
"VZ","D","2024-02-15","40.209999084472656","40.619998931884766","40.18000030517578","40.59000015258789","12081362","1.0958869489092748","TelecommunicationServices"
"VZ","D","2024-02-16","40.290000915527344","40.66999816894531","39.7400016784668","40.4900016784668","12645534","-0.2463623398501591","TelecommunicationServices"
"VZ","D","2024-02-20","40.40999984741211","40.90999984741211","40.27000045776367","40.5","12069523","0.024693309752366055","TelecommunicationServices"
"VZ","D","2024-02-21","40.4900016784668","41.119998931884766","40.369998931884766","41.099998474121094","16279653","1.4814777138792534","TelecommunicationServices"
"VZ","D","2024-02-22","40.75","40.93000030517578","40.11000061035156","40.72999954223633","22068913","-0.9002407436042525","TelecommunicationServices"
"VZ","D","2024-02-23","40.630001068115234","41.14500045776367","40.45500183105469","40.65999984741211","15228553","-0.17186274395026846","TelecommunicationServices"
"VZ","D","2024-02-26","40.599998474121094","40.630001068115234","39.43000030517578","39.689998626708984","25108422","-2.38564000084438","TelecommunicationServices"
"VZ","D","2024-02-27","39.68000030517578","39.97999954223633","39.43000030517578","39.93000030517578","17074092","0.604690568835875","TelecommunicationServices"
"VZ","D","2024-02-28","39.959999084472656","40.209999084472656","39.86000061035156","40.099998474121094","12436956","0.42574046492875883","TelecommunicationServices"
"VZ","D","2024-02-29","40.099998474121094","40.224998474121094","39.849998474121094","40.02000045776367","20486465","-0.19949630773439253","TelecommunicationServices"
"VZ","D","2024-03-01","39.9900016784668","40.290000915527344","39.77000045776367","40.20000076293945","12130864","0.4497758698572607","TelecommunicationServices"
"VZ","D","2024-03-04","39.91999816894531","40.33000183105469","39.5099983215332","40.310001373291016","18753947","0.2736333538903235","TelecommunicationServices"
"VZ","D","2024-03-05","40.349998474121094","40.959999084472656","39.91999816894531","40.349998474121094","20640051","0.09922376449378323","TelecommunicationServices"
"VZ","D","2024-03-06","40.349998474121094","40.3650016784668","39.77000045776367","39.93000030517578","16331050","-1.0408876947409995","TelecommunicationServices"
"VZ","D","2024-03-07","40.099998474121094","40.28499984741211","39.380001068115234","39.529998779296875","17100634","-1.001756881597271","TelecommunicationServices"
"VZ","D","2024-03-08","39.61000061035156","39.880001068115234","39.38999938964844","39.5099983215332","17807879","-0.050595644779394267","TelecommunicationServices"
"VZ","D","2024-03-11","39.56999969482422","40.22999954223633","39.560001373291016","40.130001068115234","12344614","1.5692299998001369","TelecommunicationServices"
"VZ","D","2024-03-12","40.029998779296875","40.2599983215332","39.900001525878906","40.130001068115234","12452659","0.","TelecommunicationServices"
"VZ","D","2024-03-13","40.290000915527344","40.5","40.060001373291016","40.2599983215332","13751846","0.3239403188584955","TelecommunicationServices"
"VZ","D","2024-03-14","40.","40.060001373291016","39.439998626708984","39.77000045776367","17475441","-1.2170836666614115","TelecommunicationServices"
"VZ","D","2024-03-15","39.599998474121094","39.93000030517578","39.13999938964844","39.4900016784668","54893854","-0.7040452000855124","TelecommunicationServices"
"VZ","D","2024-03-18","39.47999954223633","39.959999084472656","39.2599983215332","39.93000030517578","16200777","1.1142026032095798","TelecommunicationServices"
"VZ","D","2024-03-19","39.880001068115234","40.04499816894531","39.80500030517578","39.970001220703125","15226876","0.10017759885205813","TelecommunicationServices"
"VZ","D","2024-03-20","39.959999084472656","40.27000045776367","39.79999923706055","40.119998931884766","15198777","0.3752757232940773","TelecommunicationServices"
"VZ","D","2024-03-21","40.119998931884766","40.59000015258789","39.97999954223633","40.540000915527344","21868344","1.0468643938790878","TelecommunicationServices"
"VZ","D","2024-03-22","40.7400016784668","40.810001373291016","40.0099983215332","40.369998931884766","17816449","-0.4193438080990708","TelecommunicationServices"
"VZ","D","2024-03-25","40.529998779296875","40.880001068115234","40.47999954223633","40.869998931884766","14587174","1.2385435056454508","TelecommunicationServices"
"VZ","D","2024-03-26","40.83000183105469","40.997501373291016","40.709999084472656","40.849998474121094","17854062","-0.04893677094780502","TelecommunicationServices"
"VZ","D","2024-03-27","41.099998474121094","41.779998779296875","41.099998474121094","41.540000915527344","19260122","1.6891125267565865","TelecommunicationServices"
"VZ","D","2024-03-28","41.63999938964844","42.150001525878906","41.630001068115234","41.959999084472656","19771402","1.011069233723405","TelecommunicationServices"
"VZ","D","2024-04-01","41.9900016784668","42.34000015258789","41.525001525878906","42.279998779296875","15031569","0.7626303665545953","TelecommunicationServices"
"VZ","D","2024-04-02","42.29999923706055","42.67499923706055","42.2599983215332","42.540000915527344","17260824","0.6149530362753675","TelecommunicationServices"
"VZ","D","2024-04-03","42.58000183105469","42.900001525878906","42.529998779296875","42.84000015258789","18211835","0.7052168091304489","TelecommunicationServices"
"VZ","D","2024-04-04","42.9900016784668","43.41999816894531","42.439998626708984","42.45000076293945","16461398","-0.9103627176921925","TelecommunicationServices"
"VZ","D","2024-04-05","42.25","42.435001373291016","41.61000061035156","42.119998931884766","14338679","-0.777389458477451","TelecommunicationServices"
"VZ","D","2024-04-08","42.119998931884766","42.150001525878906","41.709999084472656","41.72999954223633","14457769","-0.9259245003285344","TelecommunicationServices"
"VZ","D","2024-04-09","41.060001373291016","41.18000030517578","40.540000915527344","40.84000015258789","17226953","-0.5391789890165422","TelecommunicationServices"
"VZ","D","2024-04-10","40.61000061035156","40.65999984741211","39.959999084472656","40.52000045776367","17900359","-0.7835447934099404","TelecommunicationServices"
"VZ","D","2024-04-11","40.45000076293945","40.470001220703125","40.09000015258789","40.15999984741211","14782159","-0.888451644335031","TelecommunicationServices"
"VZ","D","2024-04-12","40.18000030517578","40.2599983215332","39.68000030517578","39.720001220703125","21554994","-1.0956141144939147","TelecommunicationServices"
"VZ","D","2024-04-15","40.11000061035156","40.349998474121094","39.849998474121094","40.11000061035156","16442814","0.9818715449715576","TelecommunicationServices"
"VZ","D","2024-04-16","40.11000061035156","40.130001068115234","39.56999969482422","39.77000045776367","3979012","-0.8476692780207462","TelecommunicationServices"
"VZ","D","2024-04-17","39.849998474121094","39.974998474121094","39.46149826049805","39.779998779296875","21009242","0.025140360618824964","TelecommunicationServices"
"VZ","D","2024-04-18","39.849998474121094","40.16999816894531","39.709999084472656","40.130001068115234","20173746","0.8798448958236671","TelecommunicationServices"
"VZ","D","2024-04-19","40.","40.67499923706055","39.97999954223633","40.4900016784668","24706520","0.8970859725134561","TelecommunicationServices"
"VZ","D","2024-04-22","41.400001525878906","41.63999938964844","38.560001373291016","38.599998474121094","51243224","-4.667826935040209","TelecommunicationServices"
"VZ","D","2024-04-23","38.90999984741211","39.994998931884766","38.68000030517578","39.70000076293945","25972819","2.8497469748757664","TelecommunicationServices"
"VZ","D","2024-04-24","39.5","39.65999984741211","38.935001373291016","39.4900016784668","15946635","-0.5289649381283956","TelecommunicationServices"
"VZ","D","2024-04-25","39.290000915527344","39.81999969482422","38.959999084472656","39.220001220703125","16837678","-0.6837185269376711","TelecommunicationServices"
"VZ","D","2024-04-26","39.060001373291016","39.95500183105469","38.89500045776367","39.68000030517578","18246244","1.1728686133488209","TelecommunicationServices"
"VZ","D","2024-04-29","39.900001525878906","40.81999969482422","39.869998931884766","40.09000015258789","19840961","1.0332657365393905","TelecommunicationServices"
"VZ","D","2024-04-30","39.90999984741211","39.91999816894531","39.439998626708984","39.4900016784668","20222168","-1.4966287648725651","TelecommunicationServices"
"VZ","D","2024-05-01","39.33000183105469","39.654998779296875","39.130001068115234","39.20000076293945","17760286","-0.7343654170708147","TelecommunicationServices"
"VZ","D","2024-05-02","39.31999969482422","39.47999954223633","38.75","38.93000030517578","17394935","-0.6887766645630733","TelecommunicationServices"
"VZ","D","2024-05-03","39.04999923706055","39.19499969482422","38.75","38.88999938964844","13195563","-0.10275087391157234","TelecommunicationServices"
"VZ","D","2024-05-06","39.119998931884766","39.349998474121094","39.060001373291016","39.33000183105469","13348833","1.1314025413005302","TelecommunicationServices"
"VZ","D","2024-05-07","39.529998779296875","39.58000183105469","39.09000015258789","39.310001373291016","11935174","-0.05085292863596935","TelecommunicationServices"
"VZ","D","2024-05-08","39.2400016784668","39.56999969482422","39.099998474121094","39.47999954223633","10437950","0.4324552607643195","TelecommunicationServices"
"VZ","D","2024-05-09","39.5099983215332","39.83000183105469","39.38010025024414","39.790000915527344","12881043","0.7852111876530454","TelecommunicationServices"
"VZ","D","2024-05-10","39.810001373291016","40.42499923706055","39.709999084472656","40.400001525878906","16888467","1.5330500033075456","TelecommunicationServices"
"VZ","D","2024-05-13","40.34000015258789","40.650001525878906","40.090301513671875","40.540000915527344","21365657","0.3465331296058638","TelecommunicationServices"
"VZ","D","2024-05-14","40.59000015258789","40.689998626708984","40.41999816894531","40.4900016784668","17664419","-0.12333309307202","TelecommunicationServices"
"VZ","D","2024-05-15","40.75","40.910099029541016","40.439998626708984","40.4900016784668","14925995","0.","TelecommunicationServices"
"VZ","D","2024-05-16","40.290000915527344","40.435001373291016","40.13999938964844","40.25","12913198","-0.5927430687028945","TelecommunicationServices"
"VZ","D","2024-05-17","40.38999938964844","40.40999984741211","39.83000183105469","40.060001373291016","14670373","-0.4720462775378631","TelecommunicationServices"
"VZ","D","2024-05-20","40.04999923706055","40.310001373291016","40.0099983215332","40.119998931884766","8665020","0.14976923748624138","TelecommunicationServices"
"VZ","D","2024-05-21","40.099998474121094","40.119998931884766","39.279998779296875","39.619998931884766","18326958","-1.2462612495301784","TelecommunicationServices"
"VZ","D","2024-05-22","39.70000076293945","40.18000030517578","39.619998931884766","39.790000915527344","12374070","0.4290812423666246","TelecommunicationServices"
"VZ","D","2024-05-23","39.599998474121094","39.79999923706055","39.11000061035156","39.43000030517578","14104959","-0.9047514502847798","TelecommunicationServices"
"VZ","D","2024-05-24","39.5099983215332","39.7400016784668","39.5","39.7400016784668","10419992","0.7862068752008788","TelecommunicationServices"
"VZ","D","2024-05-28","39.720001220703125","39.790000915527344","39.16999816894531","39.36000061035156","15071274","-0.9562180474721571","TelecommunicationServices"
"VZ","D","2024-05-29","39.2599983215332","39.46500015258789","39.","39.099998474121094","17652020","-0.6605745228624116","TelecommunicationServices"
"VZ","D","2024-05-30","39.220001220703125","40.36000061035156","39.18000030517578","40.33000183105469","19636499","3.145788759423329","TelecommunicationServices"
"VZ","D","2024-05-31","40.13999938964844","41.279998779296875","40.099998474121094","41.150001525878906","38917432","2.0332250374281102","TelecommunicationServices"
"VZ","D","2024-06-03","41.18000030517578","41.5099983215332","40.900001525878906","40.97999954223633","20688122","-0.4131275269471435","TelecommunicationServices"
"VZ","D","2024-06-04","40.880001068115234","41.560001373291016","40.720001220703125","41.560001373291016","16040154","1.4153290325367385","TelecommunicationServices"
"VZ","D","2024-06-05","41.599998474121094","41.720001220703125","41.130001068115234","41.349998474121094","11964024","-0.5053005106609221","TelecommunicationServices"
"VZ","D","2024-06-06","41.310001373291016","41.720001220703125","41.1349983215332","41.33000183105469","10259100","-0.04835947715674527","TelecommunicationServices"
"VZ","D","2024-06-07","41.15999984741211","41.290000915527344","40.8129997253418","40.939998626708984","10410163","-0.9436321971141526","TelecommunicationServices"
"VZ","D","2024-06-10","40.90999984741211","40.93000030517578","40.33000183105469","40.40999984741211","15214007","-1.2945744921229907","TelecommunicationServices"
"VZ","D","2024-06-11","40.290000915527344","40.584999084472656","40.220001220703125","40.41999816894531","12083337","0.02474219641415143","TelecommunicationServices"
"VZ","D","2024-06-12","40.77000045776367","40.79999923706055","39.57500076293945","39.77000045776367","15065287","-1.6081092049158752","TelecommunicationServices"
"VZ","D","2024-06-13","39.75","39.79999923706055","39.29999923706055","39.779998779296875","12297449","0.025140360618824964","TelecommunicationServices"
"VZ","D","2024-06-14","39.474998474121094","39.83810043334961","39.45000076293945","39.66999816894531","10480588","-0.2765224075592654","TelecommunicationServices"
"VZ","D","2024-06-17","39.599998474121094","39.599998474121094","38.95000076293945","39.459999084472656","22286574","-0.5293649966362945","TelecommunicationServices"
"VZ","D","2024-06-18","39.709999084472656","40.18000030517578","39.70000076293945","40.08000183105469","17125702","1.5712183501443544","TelecommunicationServices"
"VZ","D","2024-06-20","39.84000015258789","40.46500015258789","39.810001373291016","40.2400016784668","17704694","0.39920119786058805","TelecommunicationServices"
"VZ","D","2024-06-21","40.369998931884766","40.380001068115234","39.900001525878906","40.2400016784668","30390207","0.","TelecommunicationServices"
"VZ","D","2024-06-24","40.38999938964844","41.220001220703125","40.31999969482422","41.16999816894531","20773849","2.3111243829201156","TelecommunicationServices"
"VZ","D","2024-06-25","41.209999084472656","41.625","40.83000183105469","41.08000183105469","18933015","-0.21859689553863637","TelecommunicationServices"
"VZ","D","2024-06-26","41.","41.16999816894531","40.709999084472656","41.02000045776367","19709928","-0.14605981162749693","TelecommunicationServices"
"VZ","D","2024-06-27","41.","41.040000915527344","40.560001373291016","40.81999969482422","15560796","-0.4875688949476986","TelecommunicationServices"
"VZ","D","2024-06-28","40.86000061035156","41.58000183105469","40.689998626708984","41.2400016784668","27639192","1.0289122655134042","TelecommunicationServices"
"VZ","D","2024-07-01","41.41999816894531","41.97999954223633","41.349998474121094","41.7400016784668","16412107","1.2124150815955748","TelecommunicationServices"
"VZ","D","2024-07-02","41.630001068115234","41.70000076293945","40.71500015258789","41.099998474121094","21659365","-1.5333090048146314","TelecommunicationServices"
"VZ","D","2024-07-03","41.130001068115234","41.3849983215332","40.95000076293945","41.119998931884766","6653911","0.04866291607350526","TelecommunicationServices"
"VZ","D","2024-07-05","41.16999816894531","41.375","40.95009994506836","41.27000045776367","17552239","0.36478971248854464","TelecommunicationServices"
"VZ","D","2024-07-08","41.29999923706055","41.584999084472656","41.08000183105469","41.529998779296875","15380386","0.6299935029060233","TelecommunicationServices"
"VZ","D","2024-07-09","41.470001220703125","41.779998779296875","41.209999084472656","41.29999923706055","20489842","-0.553815432209892","TelecommunicationServices"
"VZ","D","2024-07-10","40.880001068115234","41.130001068115234","40.685001373291016","41.08000183105469","13826758","1.0774881409557402","TelecommunicationServices"
"VZ","D","2024-07-11","41.08000183105469","41.36000061035156","40.75","41.29999923706055","12492709","0.5355340705938127","TelecommunicationServices"
"VZ","D","2024-07-12","41.310001373291016","41.56999969482422","41.20000076293945","41.43000030517578","11129067","0.3147725678371627","TelecommunicationServices"
"VZ","D","2024-07-15","41.43000030517578","41.45000076293945","40.70000076293945","40.790000915527344","3579062","-1.5447728335364785","TelecommunicationServices"
"VZ","D","2024-07-16","40.849998474121094","41.54999923706055","40.81999969482422","41.45000076293945","16016946","1.6180432277481893","TelecommunicationServices"
"VZ","D","2024-07-17","41.54999923706055","42.189998626708984","41.52000045776367","42.029998779296875","20401662","1.3992714250466332","TelecommunicationServices"
"VZ","D","2024-07-18","41.900001525878906","42.52000045776367","41.720001220703125","42.06999969482422","15752842","0.09517229761863977","TelecommunicationServices"
"VZ","D","2024-07-19","42.29999923706055","42.29999923706055","41.43000030517578","41.619998931884766","17608032","-1.0696476496405039","TelecommunicationServices"
"VZ","D","2024-07-22","39.95000076293945","40.","38.70000076293945","39.09000015258789","54985804","-6.078805488288119","TelecommunicationServices"
"VZ","D","2024-07-23","38.7400016784668","39.26499938964844","38.720001220703125","38.88999938964844","25257746","-0.5116417553306496","TelecommunicationServices"
"VZ","D","2024-07-24","39.2400016784668","39.83000183105469","39.04499816894531","39.66999816894531","22888993","2.0056538738452367","TelecommunicationServices"
"VZ","D","2024-07-25","39.86000061035156","40.96500015258789","39.790000915527344","39.95000076293945","19740301","0.705829611591291","TelecommunicationServices"
"VZ","D","2024-07-26","39.900001525878906","40.16999816894531","39.650001525878906","40.09000015258789","15911465","0.3504365130784004","TelecommunicationServices"
"VZ","D","2024-07-29","40.08000183105469","40.119998931884766","39.66999816894531","40.029998779296875","12937173","-0.14966668262073046","TelecommunicationServices"
"VZ","D","2024-07-30","40.0099983215332","40.2599983215332","39.83000183105469","40.040000915527344","16089216","0.02498660138767761","TelecommunicationServices"
"VZ","D","2024-07-31","40.029998779296875","40.790000915527344","39.97999954223633","40.52000045776367","23605387","1.1988000281243139","TelecommunicationServices"
"VZ","D","2024-08-01","40.665000915527344","41.18000030517578","40.282798767089844","40.849998474121094","18166753","0.8144077310695108","TelecommunicationServices"
"VZ","D","2024-08-02","41.20000076293945","41.939998626708984","40.404998779296875","40.970001220703125","26124914","0.29376438449086884","TelecommunicationServices"
"VZ","D","2024-08-05","40.","40.27000045776367","39.63999938964844","39.79999923706055","26855043","-2.8557528649800323","TelecommunicationServices"
"VZ","D","2024-08-06","39.970001220703125","40.47999954223633","39.7599983215332","40.2599983215332","18104248","1.1557766163078798","TelecommunicationServices"
"VZ","D","2024-08-07","40.36000061035156","40.720001220703125","40.20000076293945","40.279998779296875","12176298","0.049678237947081705","TelecommunicationServices"
"VZ","D","2024-08-08","40.279998779296875","40.790000915527344","40.25","40.52000045776367","13237149","0.5958333806855842","TelecommunicationServices"
"VZ","D","2024-08-09","40.4900016784668","40.79999923706055","40.029998779296875","40.75","11818717","0.5676197918015102","TelecommunicationServices"
"VZ","D","2024-08-12","40.94499969482422","41.","40.310001373291016","40.529998779296875","11098961","-0.5398802962039762","TelecommunicationServices"
"VZ","D","2024-08-13","40.650001525878906","40.79999923706055","40.35499954223633","40.779998779296875","15349360","0.6168270602754156","TelecommunicationServices"
"VZ","D","2024-08-14","40.599998474121094","41.099998474121094","40.4900016784668","40.900001525878906","10931096","0.29426863701365047","TelecommunicationServices"
"VZ","D","2024-08-15","40.84000015258789","40.91999816894531","40.","40.040000915527344","17489607","-2.1026909004084104","TelecommunicationServices"
"VZ","D","2024-08-16","40.099998474121094","40.619998931884766","40.060001373291016","40.61000061035156","13377523","1.4235756288486279","TelecommunicationServices"
"VZ","D","2024-08-19","40.625","40.86000061035156","40.560001373291016","40.7400016784668","9401416","0.32012082285488574","TelecommunicationServices"
"VZ","D","2024-08-20","40.65999984741211","40.95500183105469","40.625","40.849998474121094","8784009","0.2699970327012302","TelecommunicationServices"
"VZ","D","2024-08-21","40.90999984741211","41.06999969482422","40.72999954223633","41.04999923706055","13683356","0.48959796918022214","TelecommunicationServices"
"VZ","D","2024-08-22","41.099998474121094","41.15999984741211","40.61000061035156","40.869998931884766","13529599","-0.4384903983463806","TelecommunicationServices"
"VZ","D","2024-08-23","40.9900016784668","41.22999954223633","40.915000915527344","41.209999084472656","11757332","0.831906438643526","TelecommunicationServices"
"VZ","D","2024-08-26","41.369998931884766","41.7400016784668","41.2400016784668","41.4900016784668","10309480","0.6794530458983816","TelecommunicationServices"
"VZ","D","2024-08-27","41.54999923706055","41.63999938964844","41.17499923706055","41.45000076293945","9778154","-0.09641097591978065","TelecommunicationServices"
"VZ","D","2024-08-28","41.4900016784668","41.70790100097656","41.36000061035156","41.4900016784668","12732723","0.09650401638379158","TelecommunicationServices"
"VZ","D","2024-08-29","41.540000915527344","41.564998626708984","41.13999938964844","41.25","17338130","-0.5784566612619724","TelecommunicationServices"
"VZ","D","2024-08-30","41.29999923706055","41.88999938964844","41.16999816894531","41.779998779296875","20009887","1.284845525568179","TelecommunicationServices"
"VZ","D","2024-09-03","41.959999084472656","42.93000030517578","41.91999816894531","42.93000030517578","23319942","2.752516896790236","TelecommunicationServices"
"VZ","D","2024-09-04","43.","43.27000045776367","41.20000076293945","41.47999954223633","31272700","-3.3775931810665183","TelecommunicationServices"
"VZ","D","2024-09-05","41.30500030517578","41.810001373291016","40.900001525878906","41.310001373291016","28199755","-0.40983165578921676","TelecommunicationServices"
"VZ","D","2024-09-06","41.36000061035156","41.79100036621094","41.130001068115234","41.150001525878906","18100349","-0.38731503774666054","TelecommunicationServices"
"VZ","D","2024-09-09","41.2599983215332","42.779998779296875","41.2599983215332","42.72999954223633","27850290","3.839606215722169","TelecommunicationServices"
"VZ","D","2024-09-10","42.790000915527344","43.68989944458008","42.380001068115234","43.650001525878906","36980411","2.153058725716117","TelecommunicationServices"
"VZ","D","2024-09-11","43.5099983215332","43.81999969482422","42.939998626708984","43.79999923706055","22395462","0.3436373561011452","TelecommunicationServices"
"VZ","D","2024-09-12","43.5","43.880001068115234","43.43000030517578","43.86000061035156","18399827","0.13698943912365813","TelecommunicationServices"
"VZ","D","2024-09-13","43.92499923706055","44.470001220703125","43.619998931884766","44.43000030517578","20029688","1.2995888894030028","TelecommunicationServices"
"VZ","D","2024-09-16","44.61000061035156","45.04999923706055","44.459999084472656","45.","24714535","1.282916252327393","TelecommunicationServices"
"VZ","D","2024-09-17","44.75","44.75","43.91999816894531","44.08000183105469","18769603","-2.0444403754340312","TelecommunicationServices"
"VZ","D","2024-09-18","44.099998474121094","44.5","43.779998779296875","43.880001068115234","16897926","-0.45372222012601826","TelecommunicationServices"
"VZ","D","2024-09-19","43.959999084472656","43.970001220703125","43.32500076293945","43.939998626708984","23097155","0.13673098708593123","TelecommunicationServices"
"VZ","D","2024-09-20","43.779998779296875","44.470001220703125","43.64500045776367","44.33000183105469","52671859","0.887581284785588","TelecommunicationServices"
"VZ","D","2024-09-23","44.349998474121094","44.529998779296875","43.95000076293945","44.2599983215332","18083217","-0.15791451980596838","TelecommunicationServices"
"VZ","D","2024-09-24","44.209999084472656","44.790000915527344","44.130001068115234","44.65999984741211","15153967","0.9037540466518612","TelecommunicationServices"
"VZ","D","2024-09-25","44.79999923706055","44.880001068115234","44.424400329589844","44.54999923706055","21990145","-0.24630678622346025","TelecommunicationServices"
"VZ","D","2024-09-26","44.599998474121094","44.880001068115234","44.36000061035156","44.619998931884766","15779600","0.15712614146576875","TelecommunicationServices"
"VZ","D","2024-09-27","44.71500015258789","45.04999923706055","44.48500061035156","44.88999938964844","15659277","0.6051108566269559","TelecommunicationServices"
"VZ","D","2024-09-30","45.130001068115234","45.36000061035156","44.790000915527344","44.90999984741211","13516985","0.04455437299089038","TelecommunicationServices"
"VZ","D","2024-10-01","44.959999084472656","45.2400016784668","44.65999984741211","45.209999084472656","17536350","0.6680009754616689","TelecommunicationServices"
"VZ","D","2024-10-02","45.119998931884766","45.27000045776367","44.875","45.04999923706055","3406048","-0.35390367319663163","TelecommunicationServices"
"VZ","D","2024-10-03","44.93000030517578","44.96009826660156","44.38999938964844","44.52000045776367","12258416","-1.1764678984963473","TelecommunicationServices"
"VZ","D","2024-10-04","43.77000045776367","44.25","43.54999923706055","44.18000030517578","14537280","-0.7637020419855034","TelecommunicationServices"
"VZ","D","2024-10-07","44.08000183105469","44.1349983215332","43.77000045776367","43.84000015258789","12884971","-0.7695793350822155","TelecommunicationServices"
"VZ","D","2024-10-08","44.","44.150001525878906","43.689998626708984","44.0099983215332","10855107","0.38776954460224555","TelecommunicationServices"
"VZ","D","2024-10-09","44.060001373291016","44.25","43.80500030517578","44.11000061035156","12614166","0.22722629546074735","TelecommunicationServices"
"VZ","D","2024-10-10","43.439998626708984","43.66999816894531","42.810001373291016","42.95000076293945","12352803","-1.0938559073582876","TelecommunicationServices"
"VZ","D","2024-10-11","43.150001525878906","43.2400016784668","42.79999923706055","43.","10658662","0.11641265697879266","TelecommunicationServices"
"VZ","D","2024-10-14","43.","43.290000915527344","42.88999938964844","43.189998626708984","9923489","0.4418572714162572","TelecommunicationServices"
"VZ","D","2024-10-15","43.470001220703125","43.970001220703125","43.165000915527344","43.7400016784668","15444457","1.273450032984469","TelecommunicationServices"
"VZ","D","2024-10-16","43.7400016784668","44.099998474121094","43.65999984741211","43.90999984741211","9458993","0.3886560640645964","TelecommunicationServices"
"VZ","D","2024-10-17","43.880001068115234","44.","43.525001525878906","43.849998474121094","10539459","-0.13664626167052552","TelecommunicationServices"
"VZ","D","2024-10-18","43.83000183105469","44.165000915527344","43.66999816894531","43.9900016784668","13058370","0.31927755807865665","TelecommunicationServices"
"VZ","D","2024-10-21","44.04499816894531","44.20000076293945","43.599998474121094","43.70000076293945","18760023","-0.6592427925941613","TelecommunicationServices"
"VZ","D","2024-10-22","41.900001525878906","42.63999938964844","40.75","41.5","42576288","-5.034326600756511","TelecommunicationServices"
"VZ","D","2024-10-23","41.86000061035156","42.900001525878906","41.7599983215332","42.86000061035156","27174732","3.277109904461617","TelecommunicationServices"
"VZ","D","2024-10-24","42.380001068115234","42.45000076293945","41.63999938964844","41.86000061035156","23506361","-2.333177754921645","TelecommunicationServices"
"VZ","D","2024-10-25","41.900001525878906","42.18000030517578","41.369998931884766","41.380001068115234","19717360","-1.146678297270809","TelecommunicationServices"
"VZ","D","2024-10-28","41.45000076293945","41.779998779296875","41.38999938964844","41.619998931884766","13574976","0.5799851560527536","TelecommunicationServices"
"VZ","D","2024-10-29","41.314998626708984","41.68000030517578","41.290000915527344","41.33000183105469","15072322","-0.6967734461134856","TelecommunicationServices"
"VZ","D","2024-10-30","41.33000183105469","41.5099983215332","41.119998931884766","41.279998779296875","16372594","-0.1209848767057986","TelecommunicationServices"
"VZ","D","2024-10-31","41.2599983215332","42.650001525878906","41.244998931884766","42.130001068115234","31077938","2.0591141326405715","TelecommunicationServices"
"VZ","D","2024-11-01","42.119998931884766","42.349998474121094","41.29999923706055","41.36000061035156","16682363","-1.8276772804224461","TelecommunicationServices"
"VZ","D","2024-11-04","41.4900016784668","41.77000045776367","40.90999984741211","41.060001373291016","4641722","-0.725336635960927","TelecommunicationServices"
"VZ","D","2024-11-05","41.0099983215332","41.27000045776367","40.83000183105469","41.2599983215332","12322777","0.487084611673394","TelecommunicationServices"
"VZ","D","2024-11-06","41.439998626708984","41.66999816894531","40.93000030517578","41.15999984741211","21957071","-0.2423617988101312","TelecommunicationServices"
"VZ","D","2024-11-07","41.08000183105469","41.189998626708984","40.5099983215332","40.56999969482422","24225531","-1.4334308910960436","TelecommunicationServices"
"VZ","D","2024-11-08","40.7400016784668","40.849998474121094","40.41999816894531","40.47999954223633","21305883","-0.22183917491962468","TelecommunicationServices"
"VZ","D","2024-11-11","40.470001220703125","40.880001068115234","40.40999984741211","40.439998626708984","17116413","-0.09881649204469545","TelecommunicationServices"
"VZ","D","2024-11-12","40.5","40.599998474121094","40.07419967651367","40.400001525878906","16984576","-0.09890480264174162","TelecommunicationServices"
"VZ","D","2024-11-13","40.400001525878906","41.400001525878906","40.310001373291016","41.13999938964844","19953509","1.831677811436494","TelecommunicationServices"
"VZ","D","2024-11-14","41.13999938964844","41.255001068115234","40.86000061035156","40.869998931884766","13636571","-0.6562966985157792","TelecommunicationServices"
"VZ","D","2024-11-15","40.79999923706055","41.77000045776367","40.79999923706055","41.650001525878906","21482452","1.9084967320261326","TelecommunicationServices"
"VZ","D","2024-11-18","41.66999816894531","42.57500076293945","41.66999816894531","42.25","17409010","1.4405725141409587","TelecommunicationServices"
"VZ","D","2024-11-19","42.209999084472656","42.22999954223633","41.79999923706055","41.93000030517578","10520611","-0.7573957273946053","TelecommunicationServices"
"VZ","D","2024-11-20","42.","42.279998779296875","41.75","42.220001220703125","14706508","0.6916310837506545","TelecommunicationServices"
"VZ","D","2024-11-21","42.220001220703125","42.744998931884766","42.0099983215332","42.5","3532722","0.6631898891551247","TelecommunicationServices"
"VZ","D","2024-11-22","42.599998474121094","43.334999084472656","42.345001220703125","43.150001525878906","4355270","1.5294153550091893","TelecommunicationServices"
"VZ","D","2024-11-25","43.34000015258789","44.040000915527344","43.33000183105469","43.97999954223633","8784016","1.9235179304909922","TelecommunicationServices"
"VZ","D","2024-11-26","43.97999954223633","44.5","43.77000045776367","44.369998931884766","5023737","0.8867653335782766","TelecommunicationServices"
"VZ","D","2024-11-27","44.5","44.724998474121094","44.380001068115234","44.380001068115234","4215511","0.02254256585811909","TelecommunicationServices"
"VZ","D","2024-11-29","44.290000915527344","44.52000045776367","44.060001373291016","44.34000015258789","3026609","-0.09013275025827605","TelecommunicationServices"
"VZ","D","2024-12-02","44.27000045776367","44.310001373291016","43.52000045776367","43.849998474121094","3301070","-1.1051007595411555","TelecommunicationServices"
"VZ","D","2024-12-03","43.90999984741211","44.40999984741211","43.70500183105469","43.83000183105469","5637162","-0.04560238030157926","TelecommunicationServices"
"VZ","D","2024-12-04","43.72999954223633","43.779998779296875","42.40999984741211","42.52000045776367","5694199","-2.988823450978839","TelecommunicationServices"
"VZ","D","2024-12-05","42.59000015258789","42.869998931884766","42.52000045776367","42.54999923706055","16176866","0.07055216127447306","TelecommunicationServices"
"VZ","D","2024-12-06","42.560001373291016","42.66999816894531","42.02000045776367","42.369998931884766","4667203","-0.42303245218157093","TelecommunicationServices"
"VZ","D","2024-12-09","42.5","43.099998474121094","42.16999816894531","42.36000061035156","4235553","-0.023597644052997246","TelecommunicationServices"
"VZ","D","2024-12-10","42.33000183105469","42.63999938964844","42.06999969482422","42.29999923706055","5796862","-0.14164629940149887","TelecommunicationServices"
"VZ","D","2024-12-11","42.150001525878906","42.459999084472656","41.89500045776367","41.9900016784668","4779162","-0.7328547616666459","TelecommunicationServices"
"VZ","D","2024-12-12","42.060001373291016","42.15999984741211","41.810001373291016","42.08000183105469","11232270","0.21433710166780529","TelecommunicationServices"
"VZ","D","2024-12-13","42.","42.39500045776367","41.81999969482422","42.279998779296875","3576891","0.47527789814540977","TelecommunicationServices"
"VZ","D","2024-12-16","42.15999984741211","42.220001220703125","40.810001373291016","40.880001068115234","7540818","-3.311252960270128","TelecommunicationServices"
"VZ","D","2024-12-17","40.599998474121094","41.11000061035156","40.5099983215332","40.779998779296875","4552984","-0.2446239877825107","TelecommunicationServices"
"VZ","D","2024-12-18","40.70000076293945","41.04999923706055","40.220001220703125","40.2400016784668","5526570","-1.3241714492257972","TelecommunicationServices"
"VZ","D","2024-12-19","40.04999923706055","40.459999084472656","39.93000030517578","39.970001220703125","17859081","-0.6709752646659406","TelecommunicationServices"
"VZ","D","2024-12-20","39.91999816894531","40.380001068115234","39.91999816894531","39.93000030517578","20344347","-0.10007734377207589","TelecommunicationServices"
"VZ","D","2024-12-23","39.93000030517578","40.1150016784668","39.83000183105469","39.939998626708984","6116046","0.025039622982214738","TelecommunicationServices"
"VZ","D","2024-12-24","39.88999938964844","39.959999084472656","39.474998474121094","39.79999923706055","2921160","-0.35052427256424545","TelecommunicationServices"
"VZ","D","2024-12-26","39.83000183105469","40.16999816894531","39.7400016784668","39.959999084472656","12953131","0.4020096745708468","TelecommunicationServices"
"VZ","D","2024-12-27","39.86000061035156","40.150001525878906","39.650001525878906","39.91999816894531","4923851","-0.10010239350303207","TelecommunicationServices"
"VZ","D","2024-12-30","39.79999923706055","39.79999923706055","39.400001525878906","39.599998474121094","3044942","-0.8016024787124154","TelecommunicationServices"
"VZ","D","2024-12-31","39.63999938964844","40.029998779296875","39.560001373291016","39.9900016784668","3941515","0.9848566145793436","TelecommunicationServices"
"VZ","D","2025-01-02","40.029998779296875","40.560001373291016","39.97999954223633","40.209999084472656","22470163","0.5501310246864177","TelecommunicationServices"
"VZ","D","2025-01-03","40.31999969482422","40.619998931884766","40.11000061035156","40.2599983215332","3726950","0.12434528276290546","TelecommunicationServices"
"VZ","D","2025-01-06","40.290000915527344","40.290000915527344","39.58000183105469","39.61000061035156","6214925","-1.6145000950831712","TelecommunicationServices"
"VZ","D","2025-01-07","39.70000076293945","39.970001220703125","38.834999084472656","38.91999816894531","6006877","-1.7419904841554867","TelecommunicationServices"
"VZ","D","2025-01-13","37.939998626708984","38.150001525878906","37.75","38.119998931884766","5243465","-0.3004741497668495","TelecommunicationServices"
"VZ","D","2025-01-14","38.29999923706055","38.34000015258789","37.83000183105469","38.279998779296875","3608105","0.4197267888123468","TelecommunicationServices"
"VZ","D","2025-01-15","38.27000045776367","38.59000015258789","38.06999969482422","38.18000030517578","6678825","-0.2612290420844321","TelecommunicationServices"
"VZ","D","2025-01-16","38.130001068115234","38.34000015258789","37.935001373291016","38.34000015258789","24678306","0.41906717164277296","TelecommunicationServices"
"VZ","D","2025-01-17","38.45000076293945","38.96500015258789","38.36000061035156","38.779998779296875","8066528","1.1476229132964422","TelecommunicationServices"
"VZ","D","2025-01-21","38.81999969482422","39.57500076293945","38.790000915527344","39.02000045776367","4728193","0.6188800567856756","TelecommunicationServices"
"VZ","D","2025-01-22","38.81999969482422","39.334999084472656","38.595001220703125","38.95000076293945","5080100","-0.1793943977524859","TelecommunicationServices"
"VZ","D","2025-01-23","39.2400016784668","39.400001525878906","39.08000183105469","39.18000030517578","25153547","0.5904994550222753","TelecommunicationServices"
"VZ","D","2025-01-24","40.15999984741211","40.68000030517578","39.369998931884766","39.540000915527344","8669958","0.9188376915454155","TelecommunicationServices"
"VZ","D","2025-01-27","40.150001525878906","40.79999923706055","40.04999923706055","40.63999938964844","6947601","2.7819889950713828","TelecommunicationServices"
"VZ","D","2025-01-28","40.599998474121094","40.79999923706055","40.35499954223633","40.400001525878906","4760805","-0.590545933498865","TelecommunicationServices"
"VZ","D","2025-01-29","40.880001068115234","40.880001068115234","40.05500030517578","40.279998779296875","4963835","-0.29703649022181366","TelecommunicationServices"
"VZ","D","2025-01-30","40.349998474121094","40.349998474121094","39.15999984741211","39.470001220703125","27913473","-2.0109175351069597","TelecommunicationServices"
"VZ","D","2025-01-31","39.56999969482422","39.93000030517578","39.290000915527344","39.38999938964844","20548586","-0.20269021682401966","TelecommunicationServices"
"VZ","D","2025-02-03","39.34000015258789","40.1150016784668","39.31999969482422","39.97999954223633","6326019","1.497842502487945","TelecommunicationServices"
"VZ","D","2025-02-04","39.72999954223633","39.875","39.599998474121094","39.810001373291016","4754906","-0.42520803124503903","TelecommunicationServices"
"VZ","D","2025-02-05","40.130001068115234","40.310001373291016","39.810001373291016","40.130001068115234","3908653","0.8038173418374095","TelecommunicationServices"
"VZ","D","2025-02-06","40.22999954223633","40.290000915527344","39.674198150634766","39.939998626708984","15370555","-0.4734673220759489","TelecommunicationServices"
"VZ","D","2025-02-07","39.93000030517578","40.11000061035156","39.57500076293945","39.880001068115234","4115653","-0.15021923048749164","TelecommunicationServices"
"VZ","D","2025-02-10","40.02000045776367","40.13999938964844","39.84000015258789","39.95000076293945","4269607","0.1755258098029122","TelecommunicationServices"
"VZ","D","2025-02-11","39.97999954223633","40.52000045776367","39.81999969482422","40.4900016784668","15182650","1.3516918778842424","TelecommunicationServices"
"VZ","D","2025-02-12","40.4900016784668","40.595001220703125","40.150001525878906","40.529998779296875","4438438","0.09878266034093475","TelecommunicationServices"
"VZ","D","2025-02-13","40.61000061035156","41.11000061035156","40.41999816894531","41.040000915527344","17056684","1.258332473700885","TelecommunicationServices"
"VZ","D","2025-02-14","41.13999938964844","41.290000915527344","40.939998626708984","40.9900016784668","3143350","-0.12183049694238779","TelecommunicationServices"
"VZ","D","2025-02-18","40.91999816894531","41.220001220703125","40.61000061035156","41.20000076293945","16357712","0.512317823551034","TelecommunicationServices"
"VZ","D","2025-02-19","41.349998474121094","42.04499816894531","41.28499984741211","42.0099983215332","5059525","1.9660134553258768","TelecommunicationServices"
"VZ","D","2025-02-20","42.","42.529998779296875","41.8848991394043","42.4900016784668","19771748","1.142593135233616","TelecommunicationServices"
"VZ","D","2025-02-21","42.43000030517578","43.22999954223633","42.16999816894531","42.7599983215332","25465139","0.6354357081685746","TelecommunicationServices"
"VZ","D","2025-02-24","42.630001068115234","43.62099838256836","42.599998474121094","43.31999969482422","4298972","1.30963843609182","TelecommunicationServices"
"VZ","D","2025-02-25","43.650001525878906","43.959999084472656","43.5","43.709999084472656","5322881","0.9002756057152839","TelecommunicationServices"
"VZ","D","2025-02-26","43.540000915527344","43.63999938964844","42.77000045776367","43.18000030517578","4302237","-1.2125344095126","TelecommunicationServices"
"VZ","D","2025-02-27","43.08000183105469","43.41999816894531","42.88999938964844","43.27000045776367","19212253","0.20843018052758566","TelecommunicationServices"
"VZ","D","2025-02-28","43.43000030517578","43.7599983215332","42.61000061035156","43.099998474121094","6882573","-0.392886484502164","TelecommunicationServices"
"VZ","D","2025-03-03","43.","43.869998931884766","43.","43.869998931884766","6143917","1.786544048779981","TelecommunicationServices"
"VZ","D","2025-03-04","44.","44.470001220703125","42.81999969482422","42.869998931884766","8484442","-2.2794621024556205","TelecommunicationServices"
"VZ","D","2025-03-05","42.779998779296875","43.34000015258789","42.38999938964844","42.84000015258789","4398164","-0.06997616058852518","TelecommunicationServices"
"VZ","D","2025-03-06","43.029998779296875","44.314998626708984","42.85499954223633","44.22999954223633","6204532","3.2446297495273724","TelecommunicationServices"
"VZ","D","2025-03-07","44.380001068115234","46.19499969482422","44.349998474121094","46.060001373291016","9240154","4.137467442899623","TelecommunicationServices"
"VZ","D","2025-03-10","46.060001373291016","47.35499954223633","46.060001373291016","46.4900016784668","39836986","0.9335655500547491","TelecommunicationServices"
"VZ","D","2025-03-11","43.2400016784668","43.90999984741211","42.63999938964844","43.43000030517578","64142308","-6.582063374517688","TelecommunicationServices"
"VZ","D","2025-03-12","42.099998474121094","42.88999938964844","41.18000030517578","42.59000015258789","11395844","-1.9341472408135774","TelecommunicationServices"
"VZ","D","2025-03-13","42.76499938964844","43.814998626708984","42.76499938964844","43.709999084472656","30708583","2.629722770303178","TelecommunicationServices"
"VZ","D","2025-03-14","43.15999984741211","43.76499938964844","43.02000045776367","43.56999969482422","4484200","-0.32029144950993516","TelecommunicationServices"
"VZ","D","2025-03-17","43.65999984741211","43.814998626708984","43.09000015258789","43.650001525878906","4967090","0.18361678130605075","TelecommunicationServices"
"VZ","D","2025-03-18","43.720001220703125","44.43000030517578","43.52000045776367","44.22999954223633","4383129","1.3287468409675762","TelecommunicationServices"
"VZ","D","2025-03-19","44.29999923706055","44.314998626708984","43.720001220703125","43.939998626708984","4899826","-0.6556656534676519","TelecommunicationServices"
"VZ","D","2025-03-20","43.959999084472656","43.959999084472656","43.375","43.75","18109265","-0.43240471699400596","TelecommunicationServices"
"VZ","D","2025-03-21","43.790000915527344","44.22999954223633","43.52000045776367","43.9900016784668","29073546","0.5485752650669751","TelecommunicationServices"
"VZ","D","2025-03-24","43.630001068115234","44.1349983215332","43.529998779296875","43.560001373291016","4978589","-0.9774955416431919","TelecommunicationServices"
"VZ","D","2025-03-25","43.540000915527344","43.82500076293945","43.17499923706055","43.4900016784668","8083145","-0.16069718231722652","TelecommunicationServices"
"VZ","D","2025-03-26","43.709999084472656","44.31999969482422","43.57500076293945","44.18000030517578","5548157","1.586568406711808","TelecommunicationServices"
"VZ","D","2025-03-27","44.47999954223633","45.25","44.314998626708984","44.959999084472656","21905160","1.7655019780647097","TelecommunicationServices"
"VZ","D","2025-03-28","45.125","45.34000015258789","44.880001068115234","44.93000030517578","19530559","-0.06672326491936609","TelecommunicationServices"
"VZ","D","2025-03-31","45.29999923706055","45.79999923706055","45.1349983215332","45.36000061035156","9222196","0.9570449638440115","TelecommunicationServices"
"VZ","D","2025-04-01","45.5099983215332","45.599998474121094","45.119998931884766","45.380001068115234","4932225","0.04409271934424641","TelecommunicationServices"
"VZ","D","2025-04-02","45.369998931884766","45.53499984741211","44.595001220703125","44.7400016784668","21924094","-1.4103115350037054","TelecommunicationServices"
"VZ","D","2025-04-03","45.4900016784668","46.189998626708984","45.20000076293945","45.619998931884766","30474829","1.9669137693428151","TelecommunicationServices"
"VZ","D","2025-04-04","44.7599983215332","45.79999923706055","42.801998138427734","43.029998779296875","42663375","-5.677334969812298","TelecommunicationServices"
"VZ","D","2025-04-07","41.529998779296875","43.334800720214844","41.25","42.58000183105469","38811994","-1.0457749500534352","TelecommunicationServices"
"VZ","D","2025-04-08","43.","43.21500015258789","41.68000030517578","42.16999816894531","29790184","-0.962901936303695","TelecommunicationServices"
"VZ","D","2025-04-09","41.67499923706055","43.52000045776367","40.880001068115234","42.88999938964844","49426024","1.707377879929206","TelecommunicationServices"
"VZ","D","2025-04-10","42.4900016784668","43.2400016784668","41.849998474121094","42.91999816894531","36501740","1.649565841373346","TelecommunicationServices"
"VZ","D","2025-04-11","43.849998474121094","43.900001525878906","43.099998474121094","43.72999954223633","30144342","1.8872353398120323","TelecommunicationServices"
"VZ","D","2025-04-14","43.900001525878906","44.650001525878906","43.61000061035156","44.29999923706055","24322951","1.3034523228697692","TelecommunicationServices"
"VZ","D","2025-04-15","44.5","44.685001373291016","44.21500015258789","44.47999954223633","21795311","0.4063212376428149","TelecommunicationServices"
"VZ","D","2025-04-16","44.7400016784668","44.88999938964844","43.52000045776367","43.61000061035156","17271623","-1.9559328705897383","TelecommunicationServices"
"VZ","D","2025-04-17","43.7599983215332","44.47999954223633","43.58000183105469","44.040000915527344","16504842","0.9860130684651081","TelecommunicationServices"
"VZ","D","2025-04-21","44.20000076293945","44.290000915527344","42.68000030517578","42.93000030517578","23802544","-2.520437300808964","TelecommunicationServices"
"VZ","D","2025-04-22","41.9900016784668","43.67359924316406","41.540000915527344","43.189998626708984","37633814","0.6056331695433625","TelecommunicationServices"
"VZ","D","2025-04-23","42.54999923706055","42.98640060424805","42.11000061035156","42.70000076293945","29402093","-1.1345169700156421","TelecommunicationServices"
"VZ","D","2025-04-24","42.709999084472656","43.130001068115234","42.474998474121094","42.810001373291016","16597268","0.2576126660096767","TelecommunicationServices"
"VZ","D","2025-04-25","42.529998779296875","42.650001525878906","41.34000015258789","41.90999984741211","23361868","-2.1023160406633656","TelecommunicationServices"
"VZ","D","2025-04-28","42.","42.47999954223633","41.86000061035156","42.38999938964844","16188466","1.14531029344771","TelecommunicationServices"
"VZ","D","2025-04-29","42.310001373291016","43.0099983215332","42.22999954223633","42.95000076293945","14712785","1.3210695478985235","TelecommunicationServices"
"VZ","D","2025-04-30","43.54999923706055","44.209999084472656","43.369998931884766","44.060001373291016","29563032","2.5844018408245573","TelecommunicationServices"
"VZ","D","2025-05-01","43.77000045776367","43.83000183105469","43.2599983215332","43.29999923706055","18921888","-1.724925357562923","TelecommunicationServices"
"VZ","D","2025-05-02","43.459999084472656","43.89500045776367","43.31999969482422","43.7400016784668","15366542","1.0161719380116008","TelecommunicationServices"
"VZ","D","2025-05-05","43.810001373291016","44.","43.220001220703125","43.540000915527344","9210049","-0.45724909754156773","TelecommunicationServices"
"VZ","D","2025-05-06","43.56999969482422","44.310001373291016","43.43000030517578","44.150001525878906","12131514","1.4010119373562446","TelecommunicationServices"
"VZ","D","2025-05-07","44.0099983215332","44.36000061035156","43.790000915527344","43.88999938964844","12828657","-0.5889062904744669","TelecommunicationServices"
"VZ","D","2025-05-08","43.79999923706055","44.060001373291016","43.5099983215332","43.61000061035156","14967407","-0.6379557602885444","TelecommunicationServices"
"VZ","D","2025-05-09","43.52000045776367","43.880001068115234","43.31999969482422","43.61000061035156","10878433","0.","TelecommunicationServices"
"VZ","D","2025-05-12","43.04499816894531","43.20500183105469","42.29999923706055","43.","20160022","-1.3987631318830296","TelecommunicationServices"
"VZ","D","2025-05-13","43.20500183105469","43.209999084472656","42.48500061035156","42.650001525878906","20069633","-0.8139499398165051","TelecommunicationServices"
"VZ","D","2025-05-14","42.775001525878906","42.939998626708984","42.25","42.349998474121094","20447503","-0.7034068957202266","TelecommunicationServices"
"VZ","D","2025-05-15","42.599998474121094","43.525001525878906","42.599998474121094","43.47999954223633","14607972","2.6682434683102496","TelecommunicationServices"
"VZ","D","2025-05-16","43.4900016784668","43.9900016784668","43.36000061035156","43.9900016784668","13407654","1.172958007359326","TelecommunicationServices"
"VZ","D","2025-05-19","44.08000183105469","44.36539840698242","43.8650016784668","44.310001373291016","14778610","0.7274373326083827","TelecommunicationServices"
"VZ","D","2025-05-20","44.2599983215332","44.54999923706055","44.20000076293945","44.220001220703125","12189945","-0.20311475919326805","TelecommunicationServices"
"VZ","D","2025-05-21","44.040000915527344","44.22999954223633","43.56999969482422","43.75","16038554","-1.06287021195981","TelecommunicationServices"
"VZ","D","2025-05-22","43.75","43.84000015258789","43.06999969482422","43.130001068115234","14947744","-1.4171404157366063","TelecommunicationServices"
"VZ","D","2025-05-23","43.470001220703125","43.47999954223633","42.86000061035156","43.31999969482422","12393441","0.44052543937784794","TelecommunicationServices"
"VZ","D","2025-05-27","43.279998779296875","43.70000076293945","43.2400016784668","43.5","12873658","0.41551317276968813","TelecommunicationServices"
"VZ","D","2025-05-28","43.44499969482422","43.525001525878906","43.060001373291016","43.130001068115234","12782972","-0.8505722572063501","TelecommunicationServices"
"VZ","D","2025-05-29","43.150001525878906","43.38999938964844","42.974998474121094","43.33000183105469","9961322","0.4637161094051212","TelecommunicationServices"
"VZ","D","2025-05-30","43.369998931884766","44.060001373291016","43.290000915527344","43.959999084472656","26569544","1.4539515965735328","TelecommunicationServices"
"VZ","D","2025-06-02","43.79999923706055","44.119998931884766","43.349998474121094","44.099998474121094","11873261","0.31846995578734827","TelecommunicationServices"
"VZ","D","2025-06-03","43.93000030517578","44.04499816894531","43.61000061035156","43.83000183105469","13140917","-0.6122373070485354","TelecommunicationServices"
"VZ","D","2025-06-04","43.90999984741211","43.93000030517578","43.2400016784668","43.2400016784668","14360098","-1.3461102622401966","TelecommunicationServices"
"VZ","D","2025-06-05","43.349998474121094","43.409000396728516","43.029998779296875","43.29999923706055","12101565","0.13875475546900606","TelecommunicationServices"
"VZ","D","2025-06-06","43.400001525878906","43.920799255371094","43.375","43.79999923706055","10135212","1.1547344314317032","TelecommunicationServices"
"VZ","D","2025-06-09","43.650001525878906","43.94499969482422","43.5099983215332","43.650001525878906","13399442","-0.3424605337772002","TelecommunicationServices"
"VZ","D","2025-06-10","43.650001525878906","44.345001220703125","43.564998626708984","44.130001068115234","13724149","1.0996552702335016","TelecommunicationServices"
"VZ","D","2025-06-11","44.189998626708984","44.399898529052734","43.689998626708984","43.7400016784668","14602140","-0.8837511448197555","TelecommunicationServices"
"VZ","D","2025-06-12","43.880001068115234","43.88990020751953","42.90999984741211","43.15999984741211","22370491","-1.326021510740416","TelecommunicationServices"
"VZ","D","2025-06-13","42.9900016784668","43.275001525878906","42.91999816894531","43.0099983215332","13544051","-0.34754755887215216","TelecommunicationServices"
"VZ","D","2025-06-16","42.959999084472656","43.10499954223633","42.33000183105469","42.5","20449259","-1.1857668947591327","TelecommunicationServices"
"VZ","D","2025-06-17","42.79999923706055","42.81999969482422","41.810001373291016","41.849998474121094","23028205","-1.5294153550092005","TelecommunicationServices"
"VZ","D","2025-06-18","41.94499969482422","41.959999084472656","41.599998474121094","41.66999816894531","18654182","-0.43010827177708544","TelecommunicationServices"
"VZ","D","2025-06-20","41.810001373291016","42.095001220703125","41.650001525878906","41.70000076293945","37068078","0.07200046871251864","TelecommunicationServices"
"VZ","D","2025-06-23","41.810001373291016","42.38999938964844","41.720001220703125","42.36000061035156","16014353","1.5827334180738672","TelecommunicationServices"
"VZ","D","2025-06-24","42.375","42.72999954223633","42.26499938964844","42.630001068115234","16716293","0.6373948391721562","TelecommunicationServices"
"VZ","D","2025-06-25","42.400001525878906","42.470001220703125","41.939998626708984","42.119998931884766","15599686","-1.1963455863291506","TelecommunicationServices"
"VZ","D","2025-06-26","42.16999816894531","42.27000045776367","41.8838005065918","42.099998474121094","15869969","-0.04748446882921753","TelecommunicationServices"
"VZ","D","2025-06-27","42.150001525878906","42.45000076293945","41.97999954223633","42.310001373291016","21439570","0.4988192560126059","TelecommunicationServices"
"VZ","D","2025-06-30","42.310001373291016","43.31999969482422","42.279998779296875","43.27000045776367","22795950","2.268964909745108","TelecommunicationServices"
"VZ","D","2025-07-01","43.41999816894531","43.875","43.209999084472656","43.68000030517578","19233185","0.947538347757404","TelecommunicationServices"
"VZ","D","2025-07-02","43.81999969482422","44.029998779296875","43.43000030517578","43.59000015258789","18313928","-0.20604430393565965","TelecommunicationServices"
"VZ","D","2025-07-03","43.7400016784668","43.77000045776367","43.415000915527344","43.54999923706055","10301320","-0.09176626608700111","TelecommunicationServices"
"VZ","D","2025-07-07","43.70000076293945","43.70000076293945","42.670101165771484","42.79999923706055","22039301","-1.7221584687463265","TelecommunicationServices"
"VZ","D","2025-07-08","42.79999923706055","43.23500061035156","42.540000915527344","43.060001373291016","16736159","0.6074816375354786","TelecommunicationServices"
"VZ","D","2025-07-09","42.98500061035156","43.060001373291016","42.46989822387695","42.61000061035156","23519839","-1.0450551523172424","TelecommunicationServices"
"VZ","D","2025-07-10","41.8650016784668","42.18000030517578","41.599998474121094","42.029998779296875","19359268","0.22881522541358112","TelecommunicationServices"
"VZ","D","2025-07-11","41.974998474121094","42.029998779296875","41.4900016784668","41.619998931884766","20174341","-0.9754933602664551","TelecommunicationServices"
"VZ","D","2025-07-14","41.59000015258789","41.84000015258789","41.47999954223633","41.58000183105469","15757345","-0.0961006772141837","TelecommunicationServices"
"VZ","D","2025-07-15","41.439998626708984","41.625","41.099998474121094","41.2599983215332","15653152","-0.7696091761171697","TelecommunicationServices"
"VZ","D","2025-07-16","41.27000045776367","41.45000076293945","41.15999984741211","41.25","17971275","-0.024232481677011197","TelecommunicationServices"
"VZ","D","2025-07-17","41.290000915527344","41.345001220703125","40.83000183105469","40.95000076293945","18411173","-0.7272708777225412","TelecommunicationServices"
"VZ","D","2025-07-18","40.97999954223633","41.1150016784668","40.689998626708984","40.84000015258789","21079683","-0.2686217540955882","TelecommunicationServices"
"VZ","D","2025-07-21","41.95000076293945","43.08000183105469","41.68000030517578","42.4900016784668","47574035","4.040160430250039","TelecommunicationServices"
"VZ","D","2025-07-22","42.744998931884766","43.4900016784668","42.54999923706055","42.959999084472656","23521022","1.1061364731459689","TelecommunicationServices"
"VZ","D","2025-07-23","42.400001525878906","42.869998931884766","42.04999923706055","42.84000015258789","23357206","-0.2793271285895793","TelecommunicationServices"
"VZ","D","2025-07-24","42.900001525878906","43.349998474121094","42.755001068115234","43.08000183105469","20410989","0.560228005630159","TelecommunicationServices"
"VZ","D","2025-07-25","43.02000045776367","43.209999084472656","42.75469970703125","43.08000183105469","16571528","0.","TelecommunicationServices"
"VZ","D","2025-07-28","43.02000045776367","43.02000045776367","42.23500061035156","42.36000061035156","18243713","-1.6713119547365207","TelecommunicationServices"
"VZ","D","2025-07-29","42.41999816894531","42.97999954223633","42.400001525878906","42.709999084472656","13118451","0.8262475662844215","TelecommunicationServices"
"VZ","D","2025-07-30","42.66999816894531","42.886199951171875","42.45000076293945","42.599998474121094","13313288","-0.2575523594229079","TelecommunicationServices"
"VZ","D","2025-07-31","42.28499984741211","43.11000061035156","42.150001525878906","42.7599983215332","25538738","0.3755865097256006","TelecommunicationServices"
"VZ","D","2025-08-01","43.290000915527344","43.470001220703125","42.619998931884766","42.880001068115234","20841307","0.28064254277953005","TelecommunicationServices"
"VZ","D","2025-08-04","42.79999923706055","43.029998779296875","42.529998779296875","42.95000076293945","13629864","0.16324555289310982","TelecommunicationServices"
"VZ","D","2025-08-05","42.95000076293945","43.099998474121094","42.66999816894531","42.66999816894531","14863697","-0.6519268661707378","TelecommunicationServices"
"VZ","D","2025-08-06","42.79999923706055","42.79999923706055","42.310001373291016","42.349998474121094","17812000","-0.7499407278088732","TelecommunicationServices"
"VZ","D","2025-08-07","42.5","43.029998779296875","42.16999816894531","42.95000076293945","15543437","1.4167705087049898","TelecommunicationServices"
"VZ","D","2025-08-08","43.099998474121094","43.35499954223633","43.029998779296875","43.150001525878906","13057027","0.4656595096315552","TelecommunicationServices"
"VZ","D","2025-08-11","43.22999954223633","43.529998779296875","42.9900016784668","43.18000030517578","12914940","0.06952208165944551","TelecommunicationServices"
